{
    "total_runtime": 0.37616586685180664,
    "num_documents": 1,
    "input_load_time": 0,
    "workflows": {
        "create_base_text_units": {
            "overall": 0.14078211784362793,
            "0_orderby": 0.0015330314636230469,
            "1_zip": 0.0,
            "2_aggregate_override": 0.002510547637939453,
            "3_chunk": 0.12352919578552246,
            "4_select": 0.0,
            "5_unroll": 0.0055103302001953125,
            "6_rename": 0.0,
            "7_genid": 0.0,
            "8_unzip": 0.0011754035949707031,
            "9_copy": 0.0,
            "10_filter": 0.005519866943359375
        }
    }
}