{
    "total_runtime": 0.5864877700805664,
    "num_documents": 2,
    "input_load_time": 0,
    "workflows": {
        "create_base_text_units": {
            "overall": 0.3186192512512207,
            "0_orderby": 0.005652427673339844,
            "1_zip": 0.0,
            "2_aggregate_override": 0.015744447708129883,
            "3_chunk": 0.2334892749786377,
            "4_select": 0.0028574466705322266,
            "5_unroll": 0.0,
            "6_rename": 0.01742720603942871,
            "7_genid": 0.00748133659362793,
            "8_unzip": 0.005991458892822266,
            "9_copy": 0.002996683120727539,
            "10_filter": 0.016702890396118164
        }
    }
}