{
    "total_runtime": 937.9533443450928,
    "num_documents": 2,
    "input_load_time": 0,
    "workflows": {
        "create_base_text_units": {
            "overall": 0.29716944694519043,
            "0_orderby": 0.0071485042572021484,
            "1_zip": 0.0041353702545166016,
            "2_aggregate_override": 0.009218931198120117,
            "3_chunk": 0.21880841255187988,
            "4_select": 0.006103992462158203,
            "5_unroll": 0.01061248779296875,
            "6_rename": 0.0037844181060791016,
            "7_genid": 0.0052738189697265625,
            "8_unzip": 0.005886077880859375,
            "9_copy": 0.004144430160522461,
            "10_filter": 0.018893003463745117
        },
        "create_base_extracted_entities": {
            "overall": 568.7437403202057,
            "0_entity_extract": 568.7162613868713,
            "1_merge_graphs": 0.017303466796875,
            "2_snapshot_rows": 0.006106853485107422
        },
        "create_summarized_entities": {
            "overall": 58.39746379852295,
            "0_summarize_descriptions": 58.383039474487305,
            "1_snapshot_rows": 0.009260177612304688
        },
        "create_base_entity_graph": {
            "overall": 0.07441258430480957,
            "0_cluster_graph": 0.03496503829956055,
            "1_snapshot_rows": 0.009151220321655273,
            "2_snapshot_rows": 0.011009931564331055,
            "3_select": 0.009596824645996094
        },
        "create_final_entities": {
            "overall": 45.55039381980896,
            "0_unpack_graph": 0.012203216552734375,
            "1_rename": 0.008184671401977539,
            "2_select": 0.0070798397064208984,
            "3_dedupe": 0.009589910507202148,
            "4_rename": 0.009200572967529297,
            "5_filter": 0.020416975021362305,
            "6_text_split": 0.011188507080078125,
            "7_drop": 0.009244441986083984,
            "8_merge": 0.01941370964050293,
            "9_text_embed": 45.40926766395569,
            "10_drop": 0.01024484634399414,
            "11_filter": 0.01623225212097168
        },
        "create_final_nodes": {
            "overall": 0.16263151168823242,
            "0_layout_graph": 0.021913766860961914,
            "1_unpack_graph": 0.009097576141357422,
            "2_unpack_graph": 0.012032747268676758,
            "3_drop": 0.008145332336425781,
            "4_filter": 0.022217988967895508,
            "5_select": 0.017213106155395508,
            "6_rename": 0.009156465530395508,
            "7_join": 0.015223264694213867,
            "8_convert": 0.030376911163330078,
            "9_rename": 0.008137941360473633
        },
        "create_final_communities": {
            "overall": 0.03708982467651367,
            "0_create_final_communities": 0.024918556213378906
        },
        "create_final_relationships": {
            "overall": 0.03609919548034668,
            "0_create_final_relationships_pre_embedding": 0.014275312423706055,
            "1_create_final_relationships_post_embedding": 0.013181686401367188
        },
        "create_final_text_units": {
            "overall": 0.036612510681152344,
            "0_create_final_text_units_pre_embedding": 0.015191316604614258,
            "1_select": 0.01019597053527832
        },
        "create_final_community_reports": {
            "overall": 260.4596481323242,
            "0_prepare_community_reports_nodes": 0.013402462005615234,
            "1_prepare_community_reports_edges": 0.017510414123535156,
            "2_restore_community_hierarchy": 0.011168241500854492,
            "3_prepare_community_reports": 0.027640104293823242,
            "4_create_community_reports": 260.35821866989136,
            "5_window": 0.02254796028137207
        },
        "create_base_documents": {
            "overall": 0.19387531280517578,
            "0_unroll": 0.0203402042388916,
            "1_select": 0.012209415435791016,
            "2_rename": 0.019333839416503906,
            "3_join": 0.0182797908782959,
            "4_aggregate_override": 0.016796112060546875,
            "5_join": 0.019520282745361328,
            "6_rename": 0.0228729248046875,
            "7_convert": 0.0492098331451416
        },
        "create_final_documents": {
            "overall": 0.030689477920532227,
            "0_rename": 0.013251066207885742
        }
    }
}