{
    "total_runtime": 0.5703110694885254,
    "num_documents": 1,
    "input_load_time": 0,
    "workflows": {
        "create_base_text_units": {
            "overall": 0.29303479194641113,
            "0_orderby": 0.003154754638671875,
            "1_zip": 0.0036611557006835938,
            "2_aggregate_override": 0.0055654048919677734,
            "3_chunk": 0.22313356399536133,
            "4_select": 0.0056591033935546875,
            "5_unroll": 0.008165597915649414,
            "6_rename": 0.005132436752319336,
            "7_genid": 0.0048482418060302734,
            "8_unzip": 0.005614280700683594,
            "9_copy": 0.005519390106201172,
            "10_filter": 0.02005767822265625
        }
    }
}