{
    "total_runtime": 0.4327852725982666,
    "num_documents": 1,
    "input_load_time": 0,
    "workflows": {
        "create_base_text_units": {
            "overall": 0.19580388069152832,
            "0_orderby": 0.009796857833862305,
            "1_zip": 0.0021545886993408203,
            "2_aggregate_override": 0.009137868881225586,
            "3_chunk": 0.13728046417236328,
            "4_select": 0.0,
            "5_unroll": 0.014252662658691406,
            "6_rename": 0.0063266754150390625,
            "7_genid": 0.0,
            "8_unzip": 0.0,
            "9_copy": 0.007040739059448242,
            "10_filter": 0.009814023971557617
        }
    }
}